sample_name,area,date,julian_date,depth,mm_text,mm_num,mm_yy,month_year,year,day_length,prochl,prok_tot,hcp,syn,hb,lna,hna,v1,v2,v3,v4,hnf,pnf,peuk1,peuk2,peuk3,crypto,temp,sal,density,chla,poc,doc,ammon,nitrites,nitrates,phosphate,don,tdn,dop,tdp,tpn
C1_Oct18_surf,C1,2018-10-17,290,surface,Oct,10,10_2018,Oct_2018,2018,652,4952284.558,1286068537,0.223042,144765760.6,1136350492,426402544.8,709947946.8,10841386728,8709396136,1356319567,99551764.03,1890000,994000,586000,745000,152000,875000,20.3795,37.3494,26.4531,0.36,12.96,105.15,0.05,0.01,0.08,0.007,7.32,7.47,0.13,0.14,2
C1_Oct18_bott,C1,2018-10-17,290,bottom,Oct,10,10_2018,Oct_2018,2018,652,4323308.271,1453137652,0.274214,109890109.9,1338924234,501156738,837767495.7,12223327156,7802441248,1464402273,113577212.3,1950000,903000,1240000,795000,492000,875000,19.74,37.3789,26.6476,0.66,10.15,95.83,0.22,0.04,0.14,0.017,7.1,7.5,0.13,0.14,1.47
C1_Nov18_surf,C1,2018-11-12,316,surface,Nov,11,11_2018,Nov_2018,2018,578,4171486.408,2051944766,0.470688,136336032.4,1911437247,671703296.7,1239733950,13000613779,8638545933,2507148464,199031231.9,1350000,3380000,26700000,1600000,1160000,2860000,16.7073,35.8475,26.2347,2.23,20.06,92.67,0.34,0.19,7.28,0.057,13.42,21.23,0.14,0.2,3.4
C1_Nov18_bott,C1,2018-11-12,316,bottom,Nov,11,11_2018,Nov_2018,2018,578,361480.6246,1006383748,0.149126,11010699.83,995011567.4,358950260.3,636061307.1,11393470922,6234338299,1151234641,104901677.3,1420000,1030000,2850000,1050000,470000,549000,18.0658,37.5329,27.1977,1.21,11.08,84.26,2.65,0.29,2.29,0.102,6.5,11.73,0.08,0.18,1.76
C1_Dec18_surf,C1,2018-12-12,346,surface,Dec,12,12_2018,Dec_2018,2018,524,,1023243204,0.109882,4807692.308,1018435512,382663389.2,635772122.6,11456958723,8693173770,1318659187,90297860.03,573000,1420000,13800000,1160000,427000,419000,12.6605,37.667,28.5304,1.03,14.03,80.05,0.12,1.03,1.57,0.033,6.27,8.99,0.09,0.12,1.27
C1_Dec18_bott,C1,2018-12-12,346,bottom,Dec,12,12_2018,Dec_2018,2018,524,,1076395315,0.094729,4894447.658,1071500868,397267206.5,674233661.1,12066415056,7806823279,1208407597,91960670.91,484000,1050000,14600000,1050000,390000,354000,12.5598,37.6599,28.5457,0.91,19.24,81.11,0.15,1.02,1.6,0.048,6.17,8.94,0.17,0.21,1.89
C1_Jan19_surf,C1,2019-01-28,28,surface,Jan,1,01_2019,Jan_2019,2019,573,,504907441.1,0.07539,8602409.639,496305031.4,190959119.5,305345911.9,6698637817,4769675436,948861568.7,71060240.96,710000,1640000,8540000,839000,354000,354000,8.7264,38.3852,29.8176,0.69,9.43,76.86,0.13,0.5,0.63,0.033,5.66,6.91,0.09,0.12,1.32
C1_Jan19_bott,C1,2019-01-28,28,bottom,Jan,1,01_2019,Jan_2019,2019,573,,786351276.8,0.04811,8363855.422,777987421.4,295911949.7,482075471.7,7075264323,4213771822,885608556.7,32313253.01,495000,1190000,8170000,651000,304000,289000,8.7576,38.4944,29.8984,0.31,6.19,72.26,0.01,0.51,0.46,0.023,5.56,6.54,0.09,0.11,0.83
C1_Feb19_surf,C1,2019-02-20,51,surface,Feb,2,02_2019,Feb_2019,2019,639,,337762044.4,0.149733,419277.1084,337342767.3,55188679.25,282154088.1,7690039341,5175615933,1016798623,0,555000,1820000,2410000,484000,701000,0,8.9193,37.8539,29.3686,0.81,8.83,75.97,0.01,0.24,2.03,0.017,7.29,9.57,0.09,0.11,1.11
C1_Feb19_bott,C1,2019-02-20,51,bottom,Feb,2,02_2019,Feb_2019,2019,639,,434357134.2,0.115631,787951.8072,433569182.4,76493710.69,357075471.7,7460882715,4450917138,952822719.4,0,469000,2610000,2710000,795000,1380000,0,8.9717,38.0381,29.5046,0.98,9.69,75.23,0.01,0.21,0.64,0.028,7.41,8.27,0.18,0.2,1.22
C1_Mar19_surf,C1,2019-03-25,84,surface,Mar,3,03_2019,Mar_2019,2019,744,,721732537.7,0.172885,11559036.14,710173501.6,310015772.9,400157728.7,8905183182,5217713302,875783132.5,266096385.5,1100000,1870000,1680000,1440000,658000,0,11.1085,38.0353,29.2447,0.5,9.7,79.11,0.18,0.04,0.15,0.024,7.12,7.49,0.06,0.09,1.25
C1_Mar19_bott,C1,2019-03-25,84,bottom,Mar,3,03_2019,Mar_2019,2019,744,,685767815.7,0.171528,10373493.98,675394321.8,301182965.3,374211356.5,9461809688,4771327760,786506024.1,251421686.7,1120000,2140000,1290000,1130000,614000,0,10.465,38.0673,29.2611,0.55,13.05,77.51,0.1,0.05,0.11,0.003,7.21,7.47,0.11,0.11,1.89
C1_Apr19_surf,C1,2019-04-15,105,surface,Apr,4,04_2019,Apr_2019,2019,811,,716945393.7,0.159029,30667791.15,686277602.5,310252365.9,376025236.6,8190051635,5886697812,932463732.5,190843373.5,1300000,2370000,8040000,1070000,728000,330000,11.8885,38.052,28.9839,0.88,10.78,143.87,0.01,0.01,0.21,0.011,7.19,7.42,0.12,0.13,1.44
C1_Apr19_bott,C1,2019-04-15,105,bottom,Apr,4,04_2019,Apr_2019,2019,811,,685573948.4,0.177403,28160699.23,657413249.2,306388012.6,351025236.6,7197521515,4615492992,816439636.1,198000000,1170000,2190000,7670000,1060000,889000,322000,11.8074,38.1085,29.0442,0.8,10.58,87.21,0.01,0.03,0.15,0.008,7.12,7.31,0.08,0.09,1.5
C1_May19_surf,C1,2019-05-28,148,surface,May,5,05_2019,May_2019,2019,921,,842374234.8,0.616578,20371080.27,822003154.6,317665615.1,504337539.4,11762443534,6151098329,1223574456,273403358.1,2120000,6600000,4610000,2870000,1590000,468000,17.26,33.47,24.2831,1.9,23.38,107.32,1.43,0.48,5.46,0.024,12.11,19.48,0.13,0.15,3.04
C1_May19_bott,C1,2019-05-28,148,bottom,May,5,05_2019,May_2019,2019,921,,977973506,0.257061,26159625.85,951813880.1,380205047.3,571608832.8,11554285902,4878384997,1351995832,141685195.1,1270000,1010000,13800000,452000,230000,261000,14.09,37.85,28.3691,0.89,9.06,97.91,1.28,0.11,1.98,0.016,10.21,13.57,0.14,0.16,1.33
C1_Jun19_surf,C1,2019-06-19,170,surface,Jun,6,06_2019,Jun_2019,2019,943,,1300699827,0.4824,201725063.3,1098974763,333438485.8,765536277.6,18846648527,6950119464,1505757252,261136241.7,1460000,3450000,1690000,3800000,1070000,5190000,19.96,35.96,25.5003,1.72,31.2,124.97,0.07,0.05,2.2,0.02,9.54,11.86,0.08,0.1,3.94
C1_Jun19_bott,C1,2019-06-19,170,bottom,Jun,6,06_2019,Jun_2019,2019,943,,1169266350,0.35269,111853101.3,1057413249,344952681.4,712460567.8,11343006727,5399479273,1011622467,72529326.08,2770000,13100000,11800000,4020000,2520000,0,15.3,37.63,27.9308,2.99,25.45,106.53,0.35,0.12,0.66,0.045,7.02,8.16,0.08,0.13,3.65
C1_Jul19_surf,C1,2019-07-16,197,surface,Jul,7,07_2019,Jul_2019,2019,920,,975526921.3,0.564074,78839224.1,896687697.2,415457413.2,481230283.9,10466385128,5085783758,1136797125,206624242.9,1440000,2960000,2030000,2420000,207000,2050000,24.13,36.94,25.0763,0.52,12.83,121.56,0.11,0.01,0.2,0.003,7.21,7.53,0.08,0.09,1.89
C1_Jul19_bott,C1,2019-07-16,197,bottom,Jul,7,07_2019,Jul_2019,2019,920,,1082479561,0.560581,49198803.96,1033280757,459384858,573895899.1,11355751071,4767222077,960840673,88783255.39,935000,3050000,2720000,3050000,874000,1580000,19.1,37.7,27.063,1.64,15.15,123.55,1.2,0.12,0.81,0.034,7.41,9.54,0.1,0.14,2.45
C1_Ago19_surf,C1,2019-08-06,218,surface,Aug,8,08_2019,Aug_2019,2019,874,,620872296.5,0.45759,32960208.54,587912087.9,261856564.5,326055523.4,12480108965,5574551679,1026776424,10427048.99,465000,1060000,207000,759000,0,0,25.48,35.81,23.8045,0.21,12.11,131.46,0.55,0.07,2.12,0.041,8.43,11.16,0.14,0.18,1.43
C1_Ago19_bott,C1,2019-08-06,218,bottom,Aug,8,08_2019,Aug_2019,2019,874,,539587269.4,0.17801,23537529.71,516049739.7,256868131.9,259181607.9,13908844685,6235442578,1463025753,21084106.42,348000,987000,1900000,1070000,207000,0,20.55,37.87,26.8052,0.23,12.4,114.06,0.92,0.07,0.96,0.068,6.32,8.26,0.11,0.18,1.49
C1_Sep19_surf,C1,2019-09-09,252,surface,Sep,9,09_2019,Sep_2019,2019,773,,792055429.1,0.213318,31572490.99,760482938.1,433270676.7,327212261.4,7212743719,11238274655,1928057430,34424595.57,567000,490000,629000,935000,153000,0,22.71,37.58,25.9753,0.2,14.86,101.74,0.19,0.03,0.13,0.061,6.83,7.17,0.16,0.22,1.31
C1_Sep19_bott,C1,2019-09-09,252,bottom,Sep,9,09_2019,Sep_2019,2019,773,,496755244.8,0.286458,22203480.79,474551764,219563331.4,254988432.6,12633659153,7514438114,1581511390,7513608.832,548000,334000,805000,575000,153000,0,22.19,37.74,26.2515,0.08,15.08,100.24,0.31,0.01,0.13,0.064,6.56,7.01,0.16,0.22,1.49
C1_Oct19_surf,C1,2019-10-16,289,surface,Oct,10,10_2019,Oct_2019,2019,656,,1519312082,0.672793,12895806.18,1506416275,790140845.1,716275430.4,9124403269,7606449311,919235746.1,19244038.95,631000,648000,728000,820000,422000,0,19.41,36.91,26.3733,0.9,26.29,98.74,0.06,0.03,0.21,0.055,6.81,7.11,0.02,0.07,3.27
C1_Oct19_bott,C1,2019-10-16,289,bottom,Oct,10,10_2019,Oct_2019,2019,656,,1359199497,0.345205,16085256.46,1343114241,655555555.6,687558685.4,9821712170,7569647962,692294091.6,21390784.33,627000,1080000,774000,1130000,682000,0,19.84,37.65,26.8268,1.2,16.44,97.83,0.1,0.02,0.28,0.045,7.01,7.41,0.03,0.07,2.16
C1_Nov19_surf,C1,2019-11-14,318,surface,Nov,11,11_2019,Nov_2019,2019,573,,1217631910,0.287887,13171816.3,1204460094,720813771.5,483646322.4,15080385601,11395791315,1420583721,19244038.95,758000,484000,4230000,406000,314000,0,16.74,36.79,26.9522,0.31,18.99,93.25,2.07,0.17,2.47,0.135,5.74,10.45,0.08,0.21,2.1
C1_Nov19_bott,C1,2019-11-14,318,bottom,Nov,11,11_2019,Nov_2019,2019,573,,1210190064,0.150581,11676761.48,1198513302,671674491.4,526838810.6,9089432599,10062509095,1198625582,21390784.33,916000,437000,2850000,314000,169000,0,17.22,37.05,27.0394,0.2,14.63,95.08,2.02,0.14,1.6,0.108,6.89,10.66,0.09,0.2,1.48
C1_Dec19_surf,C1,2019-12-09,343,surface,Dec,12,12_2019,Dec_2019,2019,527,,1046917317,0.071352,8732653.531,1038184664,580907668.2,457276995.3,12265223194,9602437464,1930529630,158935827.6,510000,981000,11500000,1100000,76700,498000,13.99,36.93,27.6776,0.97,11.09,84.09,0.56,1.15,2.92,0.078,5.94,10.57,0.1,0.18,1.4
C1_Dec19_bott,C1,2019-12-09,343,bottom,Dec,12,12_2019,Dec_2019,2019,527,,507453359.1,0.056325,2836770.682,504616588.4,260563380.3,244053208.1,9664594505,7090362021,1171885146,55585371.46,369000,208000,4580000,184000,153000,0,15.12,37.54,27.9018,0.26,7.94,83.76,0.35,1.91,2.56,0.14,5.26,10.08,0.08,0.22,0.89
C1_Jan20_surf,C1,2020-01-15,15,surface,Jan,1,01_2020,Jan_2020,2020,544,,1833627233,0.074929,27140995.17,1806486238,821130108.1,985356129.7,8177597804,6475504102,1456266322,201104040.5,1030000,968000,8540000,874000,291000,307000,11.12,37.66,28.8296,0.25,9.67,83.42,0.07,1.32,1.01,0.039,4.84,7.24,0.1,0.14,1.32
C1_Jan20_bott,C1,2020-01-15,15,bottom,Jan,1,01_2020,Jan_2020,2020,544,,1801824734,0.105449,26849651.15,1774975082,813923177.2,961051905.2,9323423151,8375757111,1644489890,123514528.9,1230000,1070000,9550000,751000,146000,399000,11.13,37.66,28.8286,0.33,8.12,90.08,0.05,1.31,0.97,0.019,5.39,7.71,0.21,0.23,1.2
C1_Feb20_surf,C1,2020-02-18,49,surface,Feb,2,02_2020,Feb_2020,2020,632,,115402898.1,0.12273,1165376.064,114237522,26450969.87,87786552.17,8675949411,5031817833,874728331.9,40481484.32,740000,2270000,874000,1320000,621000,889000,10.4377,37.7247,29.003,0.93,11.84,103.16,0.86,0.32,1.97,0.043,4.25,7.39,0.09,0.13,2.31
C1_Feb20_bott,C1,2020-02-18,49,bottom,Feb,2,02_2020,Feb_2020,2020,632,,374929080.7,0.078243,2622096.144,372306984.6,157325768.6,214981216,6252810562,6529172736,759340767.7,54205320.86,513000,1740000,1690000,698000,322000,391000,10.4791,37.869,29.1086,0.54,18.78,86,0.8,0.43,2.43,0.145,3.98,7.63,0.13,0.28,1.57
C1_Mar20_surf,C1,2020-03-12,72,surface,Mar,3,03_2020,Mar_2020,2020,764,,341140841.8,0.112791,2951774.898,338189066.9,72222648.16,265966418.8,8809190010,7450951093,851852663.2,25837614.05,890000,1820000,6950000,889000,460000,299000,10.7158,34.6218,26.53464895,0.44,11.81,81.22,0.02,0.15,6.68,0.04,4.84,11.69,0.05,0.09,2.06
C1_Mar20_bott,C1,2020-03-12,72,bottom,Mar,3,03_2020,Mar_2020,2020,764,,311538756.4,0.066827,3250785.862,308287970.6,91006670.24,217281300.3,7903340129,7152323476,760232637.1,40404814.84,1090000,2070000,6520000,2510000,529000,261000,11.0439,37.8223,29.03501539,0.75,8.43,78.77,0.38,0.15,0.95,0.051,4.76,6.24,0.04,0.1,1.48
C1_Apr20_surf,C1,2020-04-23,114,surface,Apr,4,04_2020,Apr_2020,2020,837,,1135382964,0.20193,46369700.22,1089013264,260062869,828950394.8,12372403995,6739074991,1348287532,215977919.2,1210000,2600000,8540000,1430000,629000,521000,13.17,38.07,28.7344,0.65,12.98,84.59,0.11,0.02,0.04,0.013,5.19,5.36,0.07,0.08,1.58
C1_Apr20_bott,C1,2020-04-23,114,bottom,Apr,4,04_2020,Apr_2020,2020,837,,1158774822,0.2537,46837384.04,1111937438,281223644.9,830713792.8,9106284237,8897704140,1259350938,225791612.4,1170000,2360000,9050000,1530000,813000,506000,13.05,38.07,28.7602,0.76,10.82,86.67,0.07,0.03,0.02,0.021,5.51,5.63,0.16,0.18,2.09
C1_May20_surf,C1,2020-05-25,146,surface,May,5,05_2020,May_2020,2020,917,,603526796,0.054167,40159472.51,563367323.5,150195507.2,413171816.3,14378038419,7401241107,1667921021,152112244.1,1460000,3360000,2100000,3580000,828000,6670000,17.93,36.95,26.7811,0.813,13.64,104.32,0.05,0.03,0.44,0.007,6.98,7.5,0.14,0.14,1.76
C1_May20_bott,C1,2020-05-25,146,bottom,May,5,05_2020,May_2020,2020,917,,690953001.6,0.087520685,41562523.96,649390477.7,135321628.5,514068849.2,27809764249,8020347141,1659104031,221421452.1,1170000,2590000,3890000,2850000,1220000,2480000,15.44,37.75,27.9902,1.162,12.18,96.33,0.61,0.07,0.41,0.014,6.12,7.21,0.08,0.09,1.75
C1_Jun20_surf,C1,2020-06-22,174,surface,Jun,6,06_2020,Jun_2020,2020,943,,1134991950,1.180892,165506401.9,969485547.8,356283063.7,613202484.1,24840738718,11654480392,2469117065,281300314.3,2090000,6010000,636000,7260000,1100000,2190000,23.24,31.61,21.2964,2.319,32.47,137.08,0.04,0.06,0.45,0.038,9.59,10.13,0.05,0.09,4.24
C1_Jun20_bott,C1,2020-06-22,174,bottom,Jun,6,06_2020,Jun_2020,2020,943,,749973165.7,0.245546,10342712.57,739630453.1,235911983.4,503718469.7,14223166074,7856657805,1143118445,80426282.3,1270000,871000,383000,805000,383000,268000,16.44,37.62,27.6635,0.913,7.89,90.63,3.82,0.22,2.36,0.035,6.49,12.89,0.07,0.11,0.82
C1_Jul20_surf,C1,2020-07-17,199,surface,Jul,7,07_2020,Jul_2020,2020,917,,592349882.2,0.402621,81884498.48,510465383.7,225331595.5,285133788.2,9053100655,6582810077,1141209531,22464157.02,1260000,2370000,775000,2170000,441000,312000,21.15,37.04,26.1171,0.838,23.72,107.15,0.63,0.09,0.7,0.028,7.46,8.89,0.1,0.12,3.84
C1_Jul20_bott,C1,2020-07-17,199,bottom,Jul,7,07_2020,Jul_2020,2020,917,,422690064,0.503424,7294832.827,415395231.2,113854174.7,301541056.5,9142037249,6596227236,1094057803,22540826.5,1440000,2010000,312000,600000,600000,198000,19.34,37.93,27.1751,1.973,20.97,97.16,1.66,0.18,1.34,0.03,7.22,10.4,0.1,0.13,3.33
C1_Ago20_surf,C1,2020-08-11,224,surface,Aug,8,08_2020,Aug_2020,2020,858,,542386536.7,0.264703,38054711.25,504331825.5,232155179,272176646.5,8399782822,7710477275,1074499262,16560607.22,679000,1270000,676000,798000,289000,0,25.61,36.3,24.1374,0.353,11.66,117.56,0.07,0.04,0.33,0.029,8.54,8.98,0.07,0.1,1.57
C1_Ago20_bott,C1,2020-08-11,224,bottom,Aug,8,08_2020,Aug_2020,2020,858,,331440962.1,0.090805,18936170.21,312504791.8,154488997.9,158015793.9,4990674488,5105631764,367223328.8,23077512.84,582000,1880000,524000,995000,881000,0,20.92,38.27,27.0076,0.667,8.84,105.57,0.18,0.06,0.16,0.026,5.89,6.28,0.06,0.09,1.35
C1_Sep20_surf,C1,2020-09-09,253,surface,Sep,9,09_2020,Sep_2020,2020,771,,2123604781,0.553091,107887538,2015717243,879168902.9,1136548340,5890007464,386249876.8,49811690.37,87479874.26,1700000,2170000,4540000,1400000,365000,167000,21.86,38.12,26.6331,0.993,16.3,104.15,0.02,0.04,0.1,0.028,6.62,6.78,0.1,0.13,2.37
C1_Sept20_bott,C1,2020-09-09,253,bottom,Sep,9,09_2020,Sep_2020,2020,771,,1453643771,0.550086,53199088.15,1400444683,666717779.7,733726903.3,11573515859,1374519447,183599929.3,96296864.22,,,7070000,1060000,213000,0,21.61,38.23,26.7844,0.703,13.02,97.41,1.88,0.21,1.18,0.049,6.68,9.95,0.11,0.16,1.97
C1_Oct20_surf,C1,2020-10-14,288,surface,Oct,10,10_2020,Oct_2020,2020,660,,1177214674,0.71512,32926724.14,1144287950,412050078.2,732237871.7,8057934911,7479256491,1196783878,102738654.1,1440000,1410000,3530000,1680000,737000,341000,17.81,33.74,24.2952,0.714,10.73,106.07,1.52,0.22,13.81,0.068,9.02,24.57,0.08,0.15,1.42
C1_Oct20_bott,C1,2020-10-14,288,bottom,Oct,10,10_2020,Oct_2020,2020,660,,1049539704,0.217329,21370689.66,1028169014,401721439.7,626447574.3,9630704864,7330195458,1169788573,135367762.1,1520000,482000,1370000,457000,207000,0,20.09,37.47,26.6224,0.372,7.12,99.08,3.14,0.39,2.29,0.15,6.61,12.44,0.07,0.22,0.97
C1_Nov20_surf,C1,2020-11-12,317,surface,Nov,11,11_2020,Nov_2020,2020,576,1375000,1393795862,0.221448,58931034.48,1333489828,494053208.1,839436619.7,9537055667,7982697774,942017182.5,112676056.3,1810000,1000000,6030000,341000,685000,1400000,16.84,37.72,27.6445,0.866,13.52,89.17,0.06,0.44,0.58,0.044,6.32,7.39,0.27,0.31,1.64
C1_Nov20_bott,C1,2020-11-12,317,bottom,Nov,11,11_2020,Nov_2020,2020,576,1155172.414,1889779437,0.2472,48405172.41,1840219092,633255086.1,1206964006,12022579924,8909927821,1059779311,159076682.3,1950000,958000,7450000,659000,560000,1050000,16.51,37.67,27.6809,1.206,11.17,90.75,0.14,0.52,0.78,0.06,5.95,7.39,0.23,0.29,1.62
C1_Dec20_surf,C1,2020-12-14,349,surface,Dec,12,12_2020,Dec_2020,2020,523,323275.8621,866931560.6,0.107496,11443965.52,855164319.2,362050078.2,493114241,7247540800,5915013893,630984318.6,95148669.8,1190000,1550000,14900000,3250000,1100000,573000,12.47,37.36,28.3297,0.749,7.7,87.84,0.09,0.69,3.57,0.088,6.29,10.64,0.07,0.16,1.13
C1_Dec20_bott,C1,2020-12-14,349,bottom,Dec,12,12_2020,Dec_2020,2020,523,0,741421469.4,0.059433,5818965.517,735602503.9,329968701.1,405633802.8,6700201207,5497955990,561735492.3,80751173.71,1180000,573000,5270000,1720000,509000,90500,13.22,37.8,28.5205,0.249,5.77,86.84,0.51,0.69,3.07,0.135,6.17,10.44,0.05,0.19,0.86
C1_Jan21_surf,C1,2021-01-19,19,surface,Jan,1,01_2021,Jan_2021,2021,554,1045995.533,749222365.2,0.074766,14217058.21,733959311.4,341236306.7,392723004.7,3988654147,4455399061,923708920.2,74960876.37,473000,1160000,16800000,1330000,461000,226000,10.34,38.549,29.6645,0.657,,70.94,0.02,0.53,1.02,0.028,5.02,6.58,0.1,0.13,
C1_Jan21_bott,C1,2021-01-19,19,bottom,Jan,1,01_2021,Jan_2021,2021,554,1048822.548,734599019.8,0.0764,15475079.86,718075117.4,342410015.6,375665101.7,4800469484,4242957746,859546165.9,58528951.49,356000,887000,17400000,1370000,534000,260000,10.32,38.542,29.6639,0.875,,71.89,0.02,0.53,1.07,0.026,5.2,6.81,0.11,0.14,
C1_Feb21_surf,C1,2021-02-17,48,surface,Feb,2,02_2021,Feb_2021,2021,631,,545251676.7,0.059788,3858875.413,541392801.3,190453834.1,350938967.1,4784428795,5814945227,1371283255,26369327.07,776000,2000000,11900000,803000,817000,82000,8.51,37.93,29.4975,0.451,,72.51,0.06,0.34,2.17,0.032,5.68,8.25,0.15,0.18,
C1_Feb21_bott,C1,2021-02-17,48,bottom,Feb,2,02_2021,Feb_2021,2021,631,,896001233.8,0.080969,3669465.411,892331768.4,344679186.2,547652582.2,5001173709,5474178404,1225743349,47652582.16,706000,1520000,12100000,905000,800000,67800,8.61,38.05,29.5779,0.425,,74.89,0.1,0.34,2.05,0.008,5.56,8.05,0.14,0.14,
C1_Mar21_surf,C1,2021-03-17,76,surface,Mar,3,03_2021,Mar_2021,2021,720,,394888818,0.17318,9599303.136,385289514.9,172769953.1,212519561.8,3998826291,5568075117,699530516.4,23317683.88,1180000,3240000,1930000,961000,2430000,555000,9.94,37.93,29.2539,1.686,,74.5,0.02,0.06,0.02,0.003,6.18,6.27,0.14,0.14,
C1_Mar21_bott,C1,2021-03-17,76,bottom,Mar,3,03_2021,Mar_2021,2021,720,,375299820.6,0.14704,9024390.244,366275430.4,176760563.4,189514867,3508607199,4931533646,593505477.3,21517996.87,726000,2510000,949000,990000,1870000,247000,9.94,37.98,29.2898,1.194,,73.1,0.09,0.06,0.06,0.016,6.05,6.26,0.14,0.16,
C1_Apr21_surf,C1,2021-04-14,104,surface,Apr,4,04_2021,Apr_2021,2021,809,,471849729.8,0.202977,9799651.568,462050078.2,201251956.2,260798122.1,6800860720,5799295775,740219092.3,133098591.5,839000,3080000,1290000,1250000,1610000,767000,11.27,37.46,28.6403,0.572,,81.3,0.09,0.02,0.09,0.012,5.55,5.75,0.08,0.09,
C1_Apr21_bott,C1,2021-04-14,104,bottom,Apr,4,04_2021,Apr_2021,2021,809,,610873138.6,0.209426,8916957.027,601956181.5,226838810.6,375117370.9,7062206573,6011345853,744522691.7,140453834.1,771000,2800000,1120000,1170000,1960000,682000,11.24,37.603,28.7607,0.857,,81.38,0.04,0.02,0.02,0.017,6.02,6.1,0.07,0.08,
C1_May21_surf,C1,2021-05-18,138,surface,May,5,05_2021,May_2021,2021,903,,798115917.9,0.91341,3672340.547,794443577.3,175199001.1,619244576.2,11945918527,4988684252,790931793.4,30669580.15,732000,6600000,271000,4290000,37100,362000,17.88,34.7,25.0735,1.715,,110.1,0.09,0.13,2.06,0.021,7.64,9.92,0.08,0.1,
C1_May21_bott,C1,2021-05-18,138,bottom,May,5,05_2021,May_2021,2021,903,,663165546.1,0.39324,2169760.214,660995785.9,162868737.3,498127048.5,11883877010,4710863118,677384111.1,33713126.27,1080000,798000,99800,422000,0,0,15.7,36.583,27.0349,0.581,,92.72,3.49,0.17,2.03,0.043,7.24,12.93,0.07,0.11,
C1_Jun21_surf,C1,2021-06-21,172,surface,Jun,6,06_2021,Jun_2021,2021,943,,1229459231,1.537205,62532432.36,1166926799,472764164.2,694162634.6,16138598408,8225378492,1084360855,26455439.36,1530000,3500000,2570000,2510000,941000,2460000,25.88,34.27,22.5198,0.505,,128.34,0.08,0.01,0.04,0.003,8.34,8.47,0.09,0.09,
C1_Jun21_bott,C1,2021-06-21,172,bottom,Jun,6,06_2021,Jun_2021,2021,943,,897659945.9,0.493046,60060445.36,837599500.5,262759481.8,574840018.7,10666458561,7149992196,845169346,30045262.99,1510000,8560000,4090000,4960000,656000,468000,15.54,37.38,27.6884,3.218,,102.87,0.14,0.04,0.24,0.022,7.58,7.99,0.1,0.12,
C1_Jul21_surf,C1,2021-07-22,203,surface,Jul,7,07_2021,Jul_2021,2021,908,,1003853816,0.602468,128717246.9,875136569.4,341189324.2,533947245.2,12000546278,7253394725,1323162166,93413454.03,1120000,2160000,1760000,2200000,294000,322000,21.96,36.33,25.2387,0.263,,135,0.12,0.02,0.25,0.003,8.97,9.36,0.1,0.1,
C1_Jul21_bott,C1,2021-07-22,203,bottom,Jul,7,07_2021,Jul_2021,2021,908,,975115663.6,0.229195,63222421.81,911893241.8,288980802.2,622912439.5,9040892774,6189324177,835024192.3,41517090.68,1280000,3200000,4150000,1430000,105000,1040000,17.21,37.78,27.6008,0.797,,93.7,0.7,0.1,0.93,0.011,6.8,8.53,0.07,0.09,
C1_Aug21_surf,C1,2021-08-10,222,surface,Aug,8,08_2021,Aug_2021,2021,862,,457949580.3,0.4964,148678470.6,309271109.7,153894178.2,155376931.5,12000546278,7253394725,1323162166,22085219.29,1800000,2100000,1360000,1520000,847000,171000,26.2,34.7,22.7418,0.333,,138.5,0.09,0.02,0.65,0.007,9.28,10.04,0.09,0.1,
C1_Aug21_bott,C1,2021-08-10,222,bottom,Aug,8,08_2021,Aug_2021,2021,862,,1042882841,0.6624,140042197.7,902840643,277587014.2,625253628.8,9040892774,6189324177,835024192.3,45809271.11,1650000,2880000,596000,1190000,405000,271000,23.9,36.48,24.7956,1.154,,123.4,0.23,0.04,0.17,0.009,7.69,8.13,0.06,0.07,
C1_Sep21_surf,C1,2021-09-13,256,surface,Sep,9,09_2021,Sep_2021,2021,759,,761451708,0.296674,61123941.49,700327766.5,352505072.6,347822693.9,8577856025,8697183099,1321596244,66744913.93,1090000,1500000,547000,1420000,738000,0,22.69,37.16,25.6618,0.184,,116.3100491,0.015,0.005,0.039,0.016,7.294,7.353,0.07625,0.09225,
C1_Sep21_bott,C1,2021-09-13,256,bottom,Sep,9,09_2021,Sep_2021,2021,759,,784922163.1,0.243647,106523536.6,678398626.5,345715623.5,332683003,7766823161,8323943662,1318857590,62128325.51,708000,2090000,582000,1860000,1140000,0,22.12,37.66,26.2057,0.465,,113.1462826,0.015,0.004,0.028,0.027,6.494875,6.541875,0.0837,0.1107,
C1_Oct21_surf,C1,2021-10-13,286,surface,Oct,10,10_2021,Oct_2021,2021,664,,1326848019,0.320762,22259287.77,1304588731,391759013.6,912829717.5,7598200313,6678012520,1038732394,23474178.4,1480000,1340000,3070000,530000,468000,237000,18.75,37.27,26.8198,2.078,,100.0749313,0.9,0.171,1.163,0.036,7.00675,9.24075,0.10006875,0.13606875,
C1_Oct21_bott,C1,2021-10-13,286,bottom,Oct,10,10_2021,Oct_2021,2021,664,,1229083151,0.371863,21731816.5,1207351334,392695489.3,814655845.2,7959311424,7042644757,1035602504,31377151.8,1770000,1190000,2700000,322000,285000,143000,19.35,37.53,26.8679,0.932,,100.7409874,2.406,0.31,1.988,0.128,7.00275,11.70675,0.09109375,0.21909375,
C1_Nov21_surf,C1,2021-11-11,315,surface,Nov,11,11_2021,Nov_2021,2021,579,,1336468706,0.26634,25090525.48,1311378180,516076166.7,795302013.4,8628325509,7722222222,1039123631,37793427.23,2030000,795000,2250000,285000,114000,174000,15.31,37.78,28.05,1.036,,96.96741174,0.091,0.197,0.543,0.023,6.352125,7.183125,0.086546875,0.109546875,
C1_Nov21_bott,C1,2021-11-11,315,bottom,Nov,11,11_2021,Nov_2021,2021,579,,1348095140,0.22138,24776893.91,1323318246,527860153,795458092.7,8812206573,7990610329,1072378717,45618153.36,2450000,1010000,2670000,328000,128000,82700,15.21,37.78,28.07,1.214,,100.9601527,0.144,0.195,0.563,0.024,6.746875,7.648875,0.101690625,0.125690625,
C1_Dec21_surf,C1,2021-12-15,349,surface,Dec,12,12_2021,Dec_2021,2021,522,,916559636,0.029971208,14421349.76,902138286.2,469330419.9,432807866.4,8289761199,6817543312,2069221164,92867176.53,947000,3570000,8940000,690000,240000,160000,11.52,37.79,28.85,0.948,,88.72100976,0.029,1.161,1.565,0.024,5.31575,8.07075,0.1005375,0.1245375,
C1_Dec21_bott,C1,2021-12-15,349,bottom,Dec,12,12_2021,Dec_2021,2021,522,,997162447.1,0.044683443,14253129.19,982909317.9,516700483.8,466208834.1,8525050726,7042687685,2217106290,113469642.6,902000,2020000,9730000,721000,228000,259000,11.52,37.79,28.85,0.856,,88.81760909,0.015,1.2,1.536,0.065,6.247875,8.998875,0.129878125,0.194878125,
BF_Oct18_surf,BF,2018-10-11,284,surface,Oct,10,10_2018,Oct_2018,2018,671,,1200000000,0.626538,10084908.24,,,,,,,,,,,,,,20.49,37.06,26.19,0.215,,,0.27,0.006,0.25,0.01,,,,,
BF_Oct18_bott,BF,2018-10-11,284,bottom,Oct,10,10_2018,Oct_2018,2018,671,,1450000000,0.697699,9339906.875,,,,,,,,,,,,,,18.95,37.94,27.28,1.262,,,0.74,0.06,0.51,0.01,,,,,
BF_Nov18_surf,BF,2018-11-23,327,surface,Nov,11,11_2018,Nov_2018,2018,553,,1340000000,0.310956,,,,,,,,,,,,,,,16.13,37.66,27.75,2.263,,88.92,0.24,0.72,1.31,0.01,8.35,10.61,,,
BF_Nov18_bott,BF,2018-11-23,327,bottom,Nov,11,11_2018,Nov_2018,2018,553,,1230000000,0.348946,,,,,,,,,,,,,,,16.11,37.64,27.76,2.44,,94.17,0.26,0.71,1.17,0.02,15.16,17.3,,,
BF_Dec18_surf,BF,2018-12-19,353,surface,Dec,12,12_2018,Dec_2018,2018,522,,,0.186919,,,,,,,,,,,,,,,12.38,38.19,28.99,0.713,,84.83,0.03,0.82,1.32,0.02,4.02,6.19,,,
BF_Dec18_bott,BF,2018-12-19,353,bottom,Dec,12,12_2018,Dec_2018,2018,522,,,0.190312,,,,,,,,,,,,,,,12.42,38.22,29.01,0.722,,85,0.03,0.93,0.43,0.01,4.3,5.69,,,
BF_Jan19_bott,BF,2019-01-28,28,bottom,Jan,1,01_2019,Jan_2019,2019,574,,533000000,0.117333,,,,,,,,,,,,,,,9.42,38.55,29.84,0.23,,77,0.33,0.21,0.03,0.03,2.99,3.6,,,
BF_Jan19_surf,BF,2019-01-28,28,surface,Jan,1,01_2019,Jan_2019,2019,574,,523000000,0.099324,,,,,,,,,,,,,,,9.46,38.56,29.83,0.466,,87.6,0.33,0.31,0.03,0.02,6.97,7.6,,,
BF_Feb19_bott,BF,2019-02-21,52,bottom,Feb,2,02_2019,Feb_2019,2019,642,,,0.13778,,,,,,,,,,,,,,,10.21,38.38,29.56,0.394,,79.4,0.15,0.17,0.54,0.03,5.09,5.9,,,
BF_Feb19_surf,BF,2019-02-21,52,surface,Feb,2,02_2019,Feb_2019,2019,642,,510000000,0.27401,,,,,,,,,,,,,,,9.36,37.61,29.11,0.727,,93.3,0.03,0.16,2.14,0.03,4.74,7.1,,,
BF_Apr19_surf,BF,2019-04-18,108,surface,Apr,4,04_2019,Apr_2019,2019,820,,383000000,0.221125,20865516.3,,,,,,,,,,,,,,13.12,37.95,28.66,0.564,,96.3,0.03,0.06,0.55,0.01,18.82,19.5,,,
BF_Apr19_bott,BF,2019-04-18,108,bottom,Apr,4,04_2019,Apr_2019,2019,820,,507000000,0.237411,31070939.47,,,,,,,,,,,,,,12.2,38.07,28.94,0.324,,83.2,0.1,0.1,0.7,0.01,8.47,9.4,,,
BF_May19_surf,BF,2019-05-17,137,surface,May,5,05_2019,May_2019,2019,898,,712000000,0.412032,24500136.95,,,,,,,,,,,,,,15.08,37.29,27.73,0.542,,104.6,0.03,0.02,0.88,0.01,12.43,13.4,,,
BF_May19_bott,BF,2019-05-17,137,bottom,May,5,05_2019,May_2019,2019,898,,611000000,0.345417,15877841.69,,,,,,,,,,,,,,14.15,38.02,28.49,0.574,,82.9,0.11,0.006,0.19,0.01,5.09,5.4,,,
BF_Jun19_surf,BF,2019-06-13,164,surface,Jun,6,06_2019,Jun_2019,2019,939,,1270000000,,123431936.5,,,,,,,,,,,,,,25.18,31.05,20.31,0.387,,137.3,0.05,0.16,8.19,0.01,11.96,20.4,,,
BF_Jun19_bott,BF,2019-06-13,164,bottom,Jun,6,06_2019,Jun_2019,2019,939,,902000000,,71380443.71,,,,,,,,,,,,,,14.74,38.08,28.41,0.685,,94.3,0.52,0.02,0.34,0.01,7.75,8.6,,,
BF_Jul19_surf,BF,2019-07-11,192,surface,Jul,7,07_2019,Jul_2019,2019,927,,773000000,0.449666,58132018.63,,,,,,,,,,,,,,23.66,37.49,25.63,0.118,,110.2,0.03,0.006,0.09,0.01,8.95,9.1,,,
BF_Jul19_bott,BF,2019-07-11,192,bottom,Jul,7,07_2019,Jul_2019,2019,927,,826000000,0.493455,43875650.51,,,,,,,,,,,,,,18.21,38.14,27.62,0.408,,91,0.13,0.01,0.04,0.01,6.8,7,,,
BF_Aug19_surf,BF,2019-08-19,231,surface,Aug,8,08_2019,Aug_2019,2019,837,,575000000,,29854834.29,,,,,,,,,,,,,,25.76,37.35,24.9,0.06,,145.8,0.03,0.006,0.21,0.01,11.24,11.5,,,
BF_Aug19_bott,BF,2019-08-19,231,bottom,Aug,8,08_2019,Aug_2019,2019,837,,789000000,,62445905.23,,,,,,,,,,,,,,19.34,38.02,27.27,0.232,,117,0.36,0.03,0.32,0.01,10.06,10.8,,,
BF_Oct19_surf,BF,2019-10-14,287,surface,Oct,10,10_2019,Oct_2019,2019,663,,1230000000,0.352161,27814297.45,,,,,,,,,,,,,,20.12,37.63,26.74,0.333,,126,0.17,0.04,0.36,0.01,17.05,17.6,,,
BF_Oct19_bott,BF,2019-10-14,287,bottom,Oct,10,10_2019,Oct_2019,2019,663,,1230000000,0.343899,23508627.77,,,,,,,,,,,,,,20.15,37.66,26.76,0.403,,112.7,0.34,0.01,0.36,0.01,10.81,11.5,,,
BF_Nov19_bott,BF,2019-11-27,331,bottom,Nov,11,11_2019,Nov_2019,2019,546,,807000000,0.171392,12695152.01,,,,,,,,,,,,,,16.47,37.16,27.3,0.667,,91,0.74,0.54,1.55,0.02,10.44,13.3,,,
BF_Nov19_surf,BF,2019-11-27,331,surface,Nov,11,11_2019,Nov_2019,2019,546,,1040000000,0.199562,10597096.69,,,,,,,,,,,,,,16.28,37,27.22,0.568,,112.2,0.82,0.41,1.95,0.01,11.03,14.2,,,
BF_Dec19_bott,BF,2019-12-17,351,bottom,Dec,12,12_2019,Dec_2019,2019,523,1574910.983,1090000000,0.083674,7907422.624,,,,,,,,,,,,,,14.7,38.24,28.54,0.229,,87.9,0.03,1.14,0.8,0.04,14.43,16.4,,,
BF_Dec19_surf,BF,2019-12-17,351,surface,Dec,12,12_2019,Dec_2019,2019,523,953163.5168,1150000000,0.175289,5365653.246,,,,,,,,,,,,,,14.16,37.56,28.1,0.55,,88.2,0.03,1.06,2.26,0.05,10.53,13.9,,,
BF_Jan20_surf,BF,2020-01-31,31,surface,Jan,1,01_2020,Jan_2020,2020,581,,611000000,0.125982,28753766.09,,,,,,,,,,,,,,11.04,37.93,29.05,0.404,,,0.09,0.38,1.17,0.06,,,,,
BF_Jan20_bott,BF,2020-01-31,31,bottom,Jan,1,01_2020,Jan_2020,2020,581,,615000000,0.133181,28477129.55,,,,,,,,,,,,,,11.02,37.97,29.09,0.62,,,0.03,0.35,1,0.04,,,,,
BF_Feb20_bott,BF,2020-02-13,44,bottom,Feb,2,02_2020,Feb_2020,2020,617,,417000000,0.083363,37510271.16,,,,,,,,,,,,,,11.2,38.18,29.22,0.381,,76.91,0.14,0.23,1.19,0.04,11.13,12.69,,,
BF_Feb20_surf,BF,2020-02-13,44,surface,Feb,2,02_2020,Feb_2020,2020,617,,436000000,0.091077,34135853.19,,,,,,,,,,,,,,11.19,38.1,29.15,0.469,,77.89,0.03,0.38,0.84,0.05,7.65,8.89,,,
BF_Apr20_bott,BF,2020-04-28,119,bottom,Apr,4,04_2020,Apr_2020,2020,851,,949000000,0.313199,22139139.96,,,,,,,,,,,,,,12.77,38,28.77,0.855,,127.33,0.12,0.04,0.42,0.03,10.19,10.78,,,
BF_Apr20_surf,BF,2020-04-28,119,surface,Apr,4,04_2020,Apr_2020,2020,851,,582000000,0.31798,34179676.8,,,,,,,,,,,,,,15.53,37.77,27.99,0.714,,84.92,0.03,0.092,0.55,0.06,4.92,5.59,,,
BF_May20_bott,BF,2020-05-22,143,bottom,May,5,05_2020,May_2020,2020,910,,941000000,0.271073,28381265.41,,,,,,,,,,,,,,14.4,37.94,28.38,1.099,,106.58,0.64,0.06,0.44,3.01,6.6,7.74,,,
BF_May20_surf,BF,2020-05-22,143,surface,May,5,05_2020,May_2020,2020,910,,610000000,0.405887,42476033.96,,,,,,,,,,,,,,17.39,37.27,27.17,0.522,,96.75,0.06,0.05,0.33,3.08,7.45,7.89,,,
BF_Jun20_bott,BF,2020-06-22,174,bottom,Jun,6,06_2020,Jun_2020,2020,941,,595000000,0.538494,132665023.3,,,,,,,,,,,,,,17.16,38.35,28.05,0.365,,85.33,1.91,0.101,0.11,0.03,7.27,9.38,,,
BF_Jun20_surf,BF,2020-06-22,174,surface,Jun,6,06_2020,Jun_2020,2020,941,,870000000,0.595371,7781429.745,,,,,,,,,,,,,,23.8,31.84,21.38,1.318,,148.58,0.1,0.016,0.02,0.01,11.39,11.52,,,
BF_Jul20_surf,BF,2020-07-23,205,surface,Jul,7,07_2020,Jul_2020,2020,904,,1130000000,0.168684,146036702.3,,,,,,,,,,,,,,25.16,35.84,23.94,0.536,,134.5,0.03,0.03,0.26,0.01,7.6,7.92,,,
BF_Jul20_bott,BF,2020-07-23,205,bottom,Jul,7,07_2020,Jul_2020,2020,904,,902000000,0.525848,29134483.7,,,,,,,,,,,,,,18.94,38.39,27.64,0.761,,88.67,0.86,0.129,0.79,0.02,5.95,7.74,,,
BF_Aug20_surf,BF,2020-08-20,233,surface,Aug,8,08_2020,Aug_2020,2020,832,,960000000,0.275496,75031498.22,,,,,,,,,,,,,,26.34,36.13,23.8,0.166,,120.17,0.03,0.01,0.13,0.01,6.86,7.02,,,
BF_Aug20_bott,BF,2020-08-20,233,bottom,Aug,8,08_2020,Aug_2020,2020,832,,1170000000,0.734483,50356066.83,,,,,,,,,,,,,,19.33,38.27,27.45,2.001,,92,1.15,0.194,1.13,0.01,6.04,8.51,,,
BF_Sep20_surf,BF,2020-09-17,261,surface,Sep,9,09_2020,Sep_2020,2020,745,,876000000,0.192992,67978635.99,,,,,,,,,,,,,,24.15,37.21,25.27,0.221,,106.83,0.03,0.006,0.06,0.01,6.52,6.62,,,
BF_Sep20_bott,BF,2020-09-17,261,bottom,Sep,9,09_2020,Sep_2020,2020,745,11963845.52,918000000,0.208263,78159408.38,,,,,,,,,,,,,,21.9,38.31,26.77,0.57,,87.25,0.03,0.032,0.13,0.02,6.88,7.08,,,
BF_Oct20_surf,BF,2020-10-21,295,surface,Oct,10,10_2020,Oct_2020,2020,639,,1230000000,0.377884,40325938.1,,,,,,,,,,,,,,18.45,37.18,26.83,0.773,,99.67,0.03,0.018,0.1,0.02,6.69,6.84,,,
BF_Oct20_bott,BF,2020-10-21,295,bottom,Oct,10,10_2020,Oct_2020,2020,639,,1230000000,0.412757,37436318.82,,,,,,,,,,,,,,19.21,37.63,26.99,1.266,,96.25,0.03,0.036,0.07,0.02,6.87,7,,,
BF_Nov20_surf,BF,2020-11-26,331,surface,Nov,11,11_2020,Nov_2020,2020,546,1325664.202,1020000000,0.173405,13812654.07,,,,,,,,,,,,,,16.16,38.22,28.19,0.658,,97.67,0.03,0.246,0.28,0.03,5.52,6.08,,,
BF_Nov20_bott,BF,2020-11-26,331,bottom,Nov,11,11_2020,Nov_2020,2020,546,1391399.617,1010000000,0.186819,13670227.33,,,,,,,,,,,,,,16.17,38.24,28.2,0.642,,97.83,0.03,0.228,0.26,0.01,5.32,5.83,,,
BF_Dec20_surf,BF,2020-12-21,356,surface,Dec,12,12_2020,Dec_2020,2020,522,,1110000000,0.210082,11429745.28,,,,,,,,,,,,,,13.11,37.22,28.08,0.973,,,,,,,,,,,
BF_Dec20_bott,BF,2020-12-21,356,bottom,Dec,12,12_2020,Dec_2020,2020,522,,744000000,0.051257,4371405.094,,,,,,,,,,,,,,13.94,37.81,28.37,0.278,,,,,,,,,,,
BF_Jan21_surf,BF,2021-01-19,19,surface,Jan,1,01_2021,Jan_2021,2021,554,1342995.169,707000000,0.040609,11671497.58,,,,,,,,,,,,,,11.28,38.58,29.51,0.76,,76.8,0.09,0.43,0.79,0.04,3.58,4.88,,,
BF_Jan21_10m,BF,2021-01-19,19,10meters,Jan,1,01_2021,Jan_2021,2021,554,1376811.594,706000000,0.015958,12917874.4,,,,,,,,,,,,,,11.35,38.59,29.51,0.774,,83.75,0.03,0.46,0.63,0.03,2.7,3.82,,,
BF_Jan21_5m,BF,2021-01-19,19,5meters,Jan,1,01_2021,Jan_2021,2021,554,1217391.304,681000000,0.040358,11835748.79,,,,,,,,,,,,,,11.33,38.59,29.51,0.763,,94.92,0.03,0.44,0.67,0.04,5.21,6.34,,,
BF_Jan21_15m,BF,2021-01-19,19,15meters,Jan,1,01_2021,Jan_2021,2021,554,1318840.58,932000000,0.035796,12425120.77,,,,,,,,,,,,,,11.34,38.59,29.51,0.771,,80.21,0.03,0.45,0.65,0.03,3.48,4.62,,,
BF_Jan21_bott,BF,2021-01-19,19,bottom,Jan,1,01_2021,Jan_2021,2021,554,1304347.826,963000000,0.032324,12666666.67,,,,,,,,,,,,,,11.38,38.6,29.51,0.667,,89.08,0.03,0.47,0.63,0.04,3.81,4.94,,,
BF_Feb21_surf,BF,2021-02-16,47,surface,Feb,2,02_2021,Feb_2021,2021,628,458937.1981,665000000,0.073908,19207729.47,,,,,,,,,,,,,,9,37.76,29.28,0.747,,115,0.03,0.31,1.67,0.01,7.7,9.71,,,
BF_Feb21_10m,BF,2021-02-16,47,10meters,Feb,2,02_2021,Feb_2021,2021,628,555555.5556,776000000,0.044049,35338164.25,,,,,,,,,,,,,,9.77,38.02,29.35,0.524,,85.42,0.03,0.21,1.01,0.01,6.05,7.3,,,
BF_Feb21_5m,BF,2021-02-16,47,5meters,Feb,2,02_2021,Feb_2021,2021,628,468599.0338,739000000,0.044717,31275362.32,,,,,,,,,,,,,,9.72,38,29.32,0.476,,87.5,0.03,0.23,1.09,0.01,6.13,7.48,,,
BF_Feb21_15m,BF,2021-02-16,47,15meters,Feb,2,02_2021,Feb_2021,2021,628,463768.1159,785000000,0.031567,35521739.13,,,,,,,,,,,,,,10.01,38.09,29.37,0.425,,89.67,0.03,0.19,0.8,0.01,5.69,6.71,,,
BF_Feb21_bott,BF,2021-02-16,47,bottom,Feb,2,02_2021,Feb_2021,2021,628,371980.6763,661000000,0.021272,25256038.65,,,,,,,,,,,,,,9.82,38.09,29.4,0.46,,89.67,0.03,0.24,1.02,0.01,6.95,8.25,,,
BF_Mar21_surf,BF,2021-03-16,75,surface,Mar,3,03_2021,Mar_2021,2021,717,,266000000,0.068477,9227053.14,,,,,,,,,,,,,,10.7,37.4,28.71,0.485,,99.25,0.03,0.23,2.72,0.05,7.78,10.76,,,
BF_Mar21_10m,BF,2021-03-16,75,10meters,Mar,3,03_2021,Mar_2021,2021,717,,274000000,0.055379,10826086.96,,,,,,,,,,,,,,11.02,37.73,28.9,0.481,,83.92,0.03,0.2,1.83,0.06,7.5,9.56,,,
BF_Mar21_5m,BF,2021-03-16,75,5meters,Mar,3,03_2021,Mar_2021,2021,717,,258000000,0.075495,9695652.174,,,,,,,,,,,,,,10.81,37.53,28.78,0.467,,93.08,0.03,0.21,2.42,0.05,8.86,11.52,,,
BF_Mar21_15m,BF,2021-03-16,75,15meters,Mar,3,03_2021,Mar_2021,2021,717,,299000000,0.100035,11710144.93,,,,,,,,,,,,,,10.94,37.83,28.99,0.601,,92.58,0.03,0.16,1.36,0.07,6.94,8.49,,,
BF_Mar21_bott,BF,2021-03-16,75,bottom,Mar,3,03_2021,Mar_2021,2021,717,,299000000,0.129324,11971014.49,,,,,,,,,,,,,,10.9,37.92,29.07,0.761,,98.5,0.03,0.18,1.24,0.06,8.31,9.76,,,
BF_Apr21_surf,BF,2021-04-22,112,surface,Apr,4,04_2021,Apr_2021,2021,833,,588000000,0.333636,5671497.585,,,,,,,,,,,,,,,,,0.586,,109.25,0.06,0.17,2.98,0.06,5.94,9.16,,,
BF_Apr21_10m,BF,2021-04-22,112,10meters,Apr,4,04_2021,Apr_2021,2021,833,,377000000,0.207599,8077294.686,,,,,,,,,,,,,,,,,0.594,,105.33,0.03,0.09,1.05,0.06,5.27,6.43,,,
BF_Apr21_5m,BF,2021-04-22,112,5meters,Apr,4,04_2021,Apr_2021,2021,833,,674000000,0.295,9560386.473,,,,,,,,,,,,,,,,,1.098,,114.17,0.03,0.04,0.38,0.06,5.01,5.45,,,
BF_Apr21_15m,BF,2021-04-22,112,15meters,Apr,4,04_2021,Apr_2021,2021,833,,413000000,0.243896,9256038.647,,,,,,,,,,,,,,,,,0.833,,108.42,0.03,0.19,1.82,0.05,4.5,6.53,,,
BF_Apr21_bott,BF,2021-04-22,112,bottom,Apr,4,04_2021,Apr_2021,2021,833,,552000000,0.226797,9516908.213,,,,,,,,,,,,,,,,,0.997,,108.58,0.03,0.02,0.36,0.06,5.33,5.74,,,
BF_May21_5m,BF,2021-05-18,138,5meters,May,5,05_2021,May_2021,2021,902,,370000000,0.326799,1695425.911,,,,,,,,,,,,,,17.73,35.92,26.05,2.334,,143.25,0.03,0.11,1.88,0.01,9.57,11.58,,,
BF_May21_15m,BF,2021-05-18,138,15meters,May,5,05_2021,May_2021,2021,902,,456000000,0.208421,1577649.959,,,,,,,,,,,,,,15.08,36.56,27.25,0.87,,138.92,0.06,0.1,1.51,0.01,10.03,11.69,,,
BF_May21_surf,BF,2021-05-18,138,surface,May,5,05_2021,May_2021,2021,902,,432000000,0.266654,2227053.14,,,,,,,,,,,,,,17.88,35.86,25.97,0.855,,130,0.07,0.1,2.04,0.02,13.64,15.86,,,
BF_May21_10m,BF,2021-05-18,138,10meters,May,5,05_2021,May_2021,2021,902,,373000000,0.332666,2448644.207,,,,,,,,,,,,,,17.59,36.12,26.25,2.149,,146.17,0.03,0.1,1.98,0.01,10.9,13.01,,,
BF_May21_bott,BF,2021-05-18,138,bottom,May,5,05_2021,May_2021,2021,902,,468000000,0.113073,10073952.34,,,,,,,,,,,,,,12.62,37.43,28.36,0.339,,108,0.87,0.09,0.77,0.02,7.14,8.86,,,
BF_Jun21_5m,BF,2021-06-15,166,5meters,Jun,6,06_2021,Jun_2021,2021,940,,624000000,0.341137,27041906.33,,,,,,,,,,,,,,21.63,36.26,25.3,0.589,,141.75,0.03,0.006,0.02,0.01,5.9,5.96,,,
BF_Jun21_15m,BF,2021-06-15,166,15meters,Jun,6,06_2021,Jun_2021,2021,940,,475000000,0.178464,24743905.78,,,,,,,,,,,,,,16.67,37.67,27.65,0.547,,130.67,0.03,0.006,0.08,0.01,2.85,2.96,,,
BF_Jun21_surf,BF,2021-06-15,166,surface,Jun,6,06_2021,Jun_2021,2021,940,,657000000,0.444974,40506710.49,,,,,,,,,,,,,,22.7,35.9,24.74,0.803,,203.67,0.03,0.006,0.06,0.01,5.47,5.57,,,
BF_Jun21_10m,BF,2021-06-15,166,10meters,Jun,6,06_2021,Jun_2021,2021,940,,504000000,0.217309,20879211.18,,,,,,,,,,,,,,17.41,37.52,27.4,0.589,,116.33,0.03,0.006,0.02,0.01,2.32,2.37,,,
BF_Jun21_bott,BF,2021-06-15,166,bottom,Jun,6,06_2021,Jun_2021,2021,940,,560000000,0.25194,26562585.59,,,,,,,,,,,,,,15.38,37.79,28.04,0.536,,106.25,0.3,0.05,0.18,0.01,2.49,3.02,,,
BF_Jul21_5m,BF,2021-07-13,194,5meters,Jul,7,07_2021,Jul_2021,2021,923,,946000000,0.253189,106305121.9,,,,,,,,,,,,,,25.09,36,24.19,0.254,,162.25,0.21,0.01,0.57,0.01,3.55,4.34,,,
BF_Jul21_15m,BF,2021-07-13,194,15meters,Jul,7,07_2021,Jul_2021,2021,923,,538000000,0.294564,48025198.58,,,,,,,,,,,,,,18.36,37.89,27.46,0.382,,114.33,0.03,0.006,0.02,0.01,,,,,
BF_Jul21_surf,BF,2021-07-13,194,surface,Jul,7,07_2021,Jul_2021,2021,923,,931000000,0.296968,80961380.44,,,,,,,,,,,,,,27.22,34.89,22.57,0.201,,182.33,0.03,0.006,0.12,0.01,5.37,5.53,,,
BF_Jul21_10m,BF,2021-07-13,194,10meters,Jul,7,07_2021,Jul_2021,2021,923,,625000000,0.208961,79227608.87,,,,,,,,,,,,,,21.07,37.58,26.5,0.406,,128.58,0.03,0.006,0.02,0.01,0.81,0.86,,,
BF_Jul21_bott,BF,2021-07-13,194,bottom,Jul,7,07_2021,Jul_2021,2021,923,,744000000,,59956176.39,,,,,,,,,,,,,,16.98,37.91,27.76,1.359,,104.42,0.25,0.09,0.49,0.01,1.99,2.82,,,
BF_Aug21_5m,BF,2021-08-10,222,5meters,Aug,8,08_2021,Aug_2021,2021,861,,913000000,0.292243,107981375,,,,,,,,,,,,,,26.41,35.27,23.12,0.419,,131.08,0.03,0.01,0.02,0.02,10.82,10.89,,,
BF_Aug21_15m,BF,2021-08-10,222,15meters,Aug,8,08_2021,Aug_2021,2021,861,,1100000000,0.364849,88058066.28,,,,,,,,,,,,,,23.78,36.28,24.89,1.552,,96.92,1.08,0.2,1.59,0.04,10.87,13.73,,,
BF_Aug21_surf,BF,2021-08-10,222,surface,Aug,8,08_2021,Aug_2021,2021,861,,873000000,0.288673,95806628.32,,,,,,,,,,,,,,26.75,35.18,22.95,0.283,,129.67,0.03,0.01,0.12,0.02,11.91,12.06,,,
BF_Aug21_10m,BF,2021-08-10,222,10meters,Aug,8,08_2021,Aug_2021,2021,861,,1100000000,0.39393,120158860.6,,,,,,,,,,,,,,26.34,35.28,23.14,0.585,,130.25,0.03,0.01,0.1,0.03,9.63,9.78,,,
BF_Aug21_bott,BF,2021-08-10,222,bottom,Aug,8,08_2021,Aug_2021,2021,861,,1090000000,0.319308,70246507.81,,,,,,,,,,,,,,17.66,37.86,27.55,1.389,,93.33,1.35,0.26,2.01,0.04,10.03,13.65,,,
BF_Sep21_surf,BF,2021-10-04,277,surface,Sep,9,09_2021,Sep_2021,2021,692,,891000000,0.274944,64784990.41,,,,,,,,,,,,,,21.73,36.29,25.27,0.748,,122.33,0.03,0.01,0.58,0.01,13.68,14.29,,,
BF_Sep21_10m,BF,2021-10-04,277,10meters,Sep,9,09_2021,Sep_2021,2021,692,,1180000000,0.305694,102193919.5,,,,,,,,,,,,,,21.19,36.71,25.68,1,,114,0.03,0.006,0.11,0.01,9.64,9.78,,,
BF_Sep21_5m,BF,2021-10-04,277,5meters,Sep,9,09_2021,Sep_2021,2021,692,,905000000,0.300528,62013147.08,,,,,,,,,,,,,,21.72,36.31,25.29,0.757,,123.75,0.03,0.006,0.3,0.01,11.47,11.81,,,
BF_Sep21_15m,BF,2021-10-04,277,15meters,Sep,9,09_2021,Sep_2021,2021,692,,1280000000,0.355939,95970966.86,,,,,,,,,,,,,,21.33,37.47,26.26,0.998,,112.58,0.03,0.006,0.2,0.01,10.35,10.59,,,
BF_Sep21_bott,BF,2021-10-04,277,bottom,Sep,9,09_2021,Sep_2021,2021,692,,1120000000,0.116782,30328677.07,,,,,,,,,,,,,,19.6,38.31,27.4,0.691,,87.75,0.55,0.09,0.58,0.03,12.02,13.24,,,
BF_Oct21_surf,BF,2021-10-14,287,surface,Oct,10,10_2021,Oct_2021,2021,661,,1220000000,0.222953,40208162.15,,,,,,,,,,,,,,18.58,37.9,27.34,0.685,,96.67,0.03,0.13,0.46,0.01,11.91,12.54,,,
BF_Oct21_10m,BF,2021-10-14,287,10meters,Oct,10,10_2021,Oct_2021,2021,661,,1220000000,0.172913,41835113.67,,,,,,,,,,,,,,18.62,37.91,27.35,0.737,,98.58,0.03,0.13,0.29,0.01,8.74,9.19,,,
BF_Oct21_5m,BF,2021-10-14,287,5meters,Oct,10,10_2021,Oct_2021,2021,661,,1290000000,0.187923,39698712.68,,,,,,,,,,,,,,18.61,37.9,27.34,0.658,,95.25,0.03,0.14,0.3,0.01,9.77,10.24,,,
BF_Oct21_15m,BF,2021-10-14,287,15meters,Oct,10,10_2021,Oct_2021,2021,661,,1240000000,0.193424,39205697.07,,,,,,,,,,,,,,18.61,37.91,27.35,0.76,,96.08,0.03,0.16,0.3,0.01,8.92,9.4,,,
BF_Oct21_bott,BF,2021-10-14,287,bottom,Oct,10,10_2021,Oct_2021,2021,661,,1100000000,0.21704,27208983.84,,,,,,,,,,,,,,17.94,38.03,27.61,0.741,,96.33,0.12,0.46,0.9,0.02,10.35,11.84,,,
BF_Nov21_surf,BF,2021-12-02,336,surface,Nov,11,11_2021,Nov_2021,2021,537,,1170000000,0.091615,17148726.38,,,,,,,,,,,,,,14.34,37.85,28.32,0.545,,90.33,0.09,1.01,1.27,0.02,5.81,8.17,,,
BF_Nov21_10m,BF,2021-12-02,336,10meters,Nov,11,11_2021,Nov_2021,2021,537,,1220000000,0.101307,15886058.61,,,,,,,,,,,,,,14.36,37.86,28.32,0.593,,93.25,0.1,0.79,0.82,0.02,6.56,8.26,,,
BF_Nov21_15m,BF,2021-12-02,336,15meters,Nov,11,11_2021,Nov_2021,2021,537,,1220000000,0.104463,17222678.72,,,,,,,,,,,,,,14.36,37.86,28.32,0.603,,83.5,0.12,0.89,0.93,0.02,5.84,7.79,,,
BF_Nov21_5m,BF,2021-12-02,336,5meters,Nov,11,11_2021,Nov_2021,2021,537,,1180000000,0.109044,16247603.4,,,,,,,,,,,,,,14.36,37.86,28.32,0.587,,86.25,0.03,0.93,0.96,0.02,5.01,6.93,,,
BF_Nov21_bott,BF,2021-12-02,336,bottom,Nov,11,11_2021,Nov_2021,2021,537,,1100000000,0.096215,12889619.28,,,,,,,,,,,,,,14.28,37.85,28.34,0.495,,86.5,0.09,0.82,1.03,0.03,4.65,6.6,,,
BF_Dec21_surf,BF,2021-12-14,348,surface,Dec,12,12_2021,Dec_2021,2021,524,,957000000,0.038121,12248698.99,,,,,,,,,,,,,,12.22,37.87,28.77,0.823,,87.25,0.03,1.16,1.17,0.033,5.35,7.7,,,
BF_Dec21_10m,BF,2021-12-14,348,10meters,Dec,12,12_2021,Dec_2021,2021,524,,952000000,0.037453,12667762.26,,,,,,,,,,,,,,12.21,37.87,28.78,0.86,,89.17,0.142,1.18,1.042823,0.032,4.68,7.05,,,
BF_Dec21_5m,BF,2021-12-14,348,5meters,Dec,12,12_2021,Dec_2021,2021,524,,966000000,0.032598,12218570.25,,,,,,,,,,,,,,12.22,37.87,28.77,0.825,,86.75,0.03,1.532,1.241231,0.04,4.38,7.18,,,
BF_Dec21_15m,BF,2021-12-14,348,15meters,Dec,12,12_2021,Dec_2021,2021,524,,949000000,0.034594,13240208.16,,,,,,,,,,,,,,12.21,37.87,28.78,0.951,,76.3,0.03,1.221,1.072348,0.032,5.05,7.37,,,
BF_Dec21_bott,BF,2021-12-14,348,bottom,Dec,12,12_2021,Dec_2021,2021,524,,937000000,0.037267,12478772.94,,,,,,,,,,,,,,12.22,37.86,28.78,0.899,,87.08,0.03,0.859,0.681437,0.027,5.84,7.41,,,
